Value,File Name
SITE_PROFILE,distinct_ddl.sql
SITE_PROFILE,merged_output.txt
EMPLOYEE_PROFILE,distinct_ddl.sql
EMPLOYEE_PROFILE,merged_output.txt
CO_DEPOSIT,distinct_ddl.sql
CO_DEPOSIT,merged_output.txt
CO_HEADER,distinct_ddl.sql
CO_HEADER,merged_output.txt
CO_VARIANCE,distinct_ddl.sql
CO_VARIANCE,merged_output.txt
CO_TENDER_TOTAL,distinct_ddl.sql
CO_TENDER_TOTAL,merged_output.txt
LP_TENDER_VAR_DAY,distinct_ddl.sql
LP_TENDER_VAR_DAY,merged_output.txt
LP_TENDER_DAY,distinct_ddl.sql
LP_TENDER_DAY,merged_output.txt
LP_EMPL_UNKNOWN,distinct_ddl.sql
LP_EMPL_UNKNOWN,merged_output.txt
CO_DEPOSIT_PRE,distinct_ddl.sql
CO_DEPOSIT_PRE,merged_output.txt
CO_HEADER_PRE,distinct_ddl.sql
CO_HEADER_PRE,merged_output.txt
CO_VARIANCE_PRE,distinct_ddl.sql
CO_VARIANCE_PRE,merged_output.txt
CO_TENDER_TOTAL_PRE,distinct_ddl.sql
CO_TENDER_TOTAL_PRE,merged_output.txt
